{"cameraMode":{"drawMode":0,"name":"Shaded","section":"Shading Mode"},"sceneLighting":true,"audioPlay":false,"sceneViewState":{"showFog":true,"showMaterialUpdate":false,"showSkybox":true,"showFlares":true,"showImageEffects":true,"showParticleSystems":true},"in2DMode":false,"pivot":{"x":-5.931832790374756,"y":9.853242874145508,"z":38.02570343017578},"rotation":{"x":0.010256107896566391,"y":-0.9866805672645569,"z":0.1479092240333557,"w":0.06728110462427139},"size":9.733230590820313,"orthographic":false}