{"cameraMode":{"drawMode":0,"name":"Shaded","section":"Shading Mode"},"sceneLighting":true,"audioPlay":false,"sceneViewState":{"showFog":true,"showMaterialUpdate":false,"showSkybox":true,"showFlares":true,"showImageEffects":true,"showParticleSystems":true},"in2DMode":false,"pivot":{"x":-1.6125133037567139,"y":10.082345962524414,"z":43.08030700683594},"rotation":{"x":-0.05198688060045242,"y":-0.7072988748550415,"z":0.05230090767145157,"w":-0.7030606269836426},"size":34.555877685546878,"orthographic":true}